test_x1,test_x2,test_y,true_loglik,estimated_loglik
-3.192936658859253,3.0678024291992188,-0.9690060019493103,-4.081594944000244,-4.327439785003662
0.27992725372314453,1.4535748958587646,1.5839838981628418,-1.2622549533843994,-1.033690333366394
-2.0329689979553223,2.3233842849731445,1.7367576360702515,-1.7831767797470093,-1.7208728790283203
2.298175811767578,1.393259882926941,2.4079043865203857,-1.1473164558410645,-1.3008623123168945
2.2660765647888184,3.901155948638916,2.7527687549591064,-1.2717117071151733,-1.2369048595428467
2.0461835861206055,-0.43184059858322144,-1.4412410259246826,-2.1177332401275635,-2.00917387008667
-1.578437089920044,0.8920678496360779,-1.588411808013916,-1.567039966583252,-1.3630809783935547
1.7886830568313599,-1.4942626953125,1.2037391662597656,-1.7524782419204712,-1.9224293231964111
1.9972145557403564,-1.0178238153457642,-2.2562055587768555,-2.378626585006714,-2.2077596187591553
-3.829098701477051,1.973399043083191,1.336843490600586,-1.8146852254867554,-2.110569953918457
-2.4030678272247314,-2.7137703895568848,-2.3052518367767334,-0.9622791409492493,-0.8786998987197876
-1.8107162714004517,-1.4756014347076416,-3.5892276763916016,-2.774320602416992,-2.4378535747528076
-0.9969940781593323,-2.1181609630584717,-1.2382993698120117,-1.1111022233963013,-1.3169645071029663
-2.52116060256958,-1.6624935865402222,-1.82802414894104,-1.039497971534729,-1.0839309692382812
-0.2769065499305725,-1.0205347537994385,0.0964960977435112,-1.2278295755386353,-1.300069808959961
1.867685079574585,-1.1759717464447021,0.37067797780036926,-2.07651424407959,-2.5395984649658203
-1.1798702478408813,-3.09096360206604,-3.0307860374450684,-1.447822093963623,-1.7047374248504639
3.2084059715270996,2.525954484939575,2.7073776721954346,-0.9884385466575623,-0.9927488565444946
2.9010300636291504,-2.9208226203918457,2.8178749084472656,-1.615543007850647,-1.5688694715499878
-3.473647117614746,1.619086503982544,-2.9696805477142334,-1.739046573638916,-1.432433843612671
-1.574365258216858,3.5767221450805664,-1.2318111658096313,-1.6707472801208496,-1.921187162399292
3.448521375656128,-1.8663995265960693,2.0639760494232178,-2.5694162845611572,-3.023557662963867
0.8451493382453918,-3.7847745418548584,-2.9035003185272217,-1.9990988969802856,-2.2386531829833984
-2.8285586833953857,-1.60586678981781,-1.8742436170578003,-1.1428022384643555,-1.2935080528259277
-1.584681749343872,2.4773898124694824,3.4653029441833496,-2.100067138671875,-1.9696223735809326
-2.838191509246826,0.24319015443325043,-2.693272829055786,-1.6091212034225464,-1.3888559341430664
-1.8119378089904785,0.7146095037460327,-0.8023638129234314,-1.698548674583435,-2.3402516841888428
-2.3693649768829346,2.4753124713897705,-1.6092934608459473,-1.9006218910217285,-1.8813484907150269
2.388521909713745,1.3699990510940552,1.4582241773605347,-1.1144344806671143,-1.1771469116210938
1.5069527626037598,1.6768823862075806,0.8991218209266663,-1.1607996225357056,-1.188627004623413
-1.5854159593582153,3.83628511428833,-0.4105874300003052,-2.301954984664917,-2.6025733947753906
-3.0822391510009766,2.1375715732574463,-2.4762818813323975,-1.7956491708755493,-1.7098647356033325
0.9521414041519165,2.9015164375305176,2.1930172443389893,-1.3960882425308228,-1.5135908126831055
-3.555283308029175,-3.3801238536834717,-4.611605644226074,-1.5720194578170776,-2.00260066986084
2.3694000244140625,0.6587963104248047,1.8656812906265259,-1.3019667863845825,-1.2840168476104736
-1.499520182609558,1.9192646741867065,-1.7598810195922852,-1.644790768623352,-1.486281156539917
-1.5488266944885254,-2.5320019721984863,-1.1586662530899048,-1.3373675346374512,-1.1702775955200195
-1.3362890481948853,-3.2591793537139893,-2.039496898651123,-1.3839600086212158,-1.603661060333252
2.7564687728881836,2.2377541065216064,3.101395845413208,-1.1229199171066284,-1.1874525547027588
-1.785218358039856,-3.456429958343506,-1.5703462362289429,-1.4757694005966187,-1.403606653213501
-2.6153836250305176,2.334519386291504,-2.4002552032470703,-1.6352119445800781,-1.551028847694397
-1.045270323753357,-2.0088741779327393,-0.8013941049575806,-1.2383939027786255,-1.241105079650879
2.2218048572540283,0.8042752742767334,1.9516483545303345,-1.2187395095825195,-1.3274344205856323
4.190104961395264,-0.8159140348434448,-0.5169010162353516,-1.6567739248275757,-2.0341615676879883
-0.9594244360923767,-0.7651660442352295,-0.21346934139728546,-1.132158637046814,-1.2704102993011475
-1.492655634880066,1.6294766664505005,-1.9451693296432495,-1.7126108407974243,-1.5087966918945312
1.9051743745803833,-2.4225313663482666,-3.1248276233673096,-1.8586915731430054,-1.676659107208252
2.048895835876465,3.491276979446411,3.3398916721343994,-1.2591749429702759,-1.4670178890228271
1.981386661529541,-1.8623721599578857,1.8400723934173584,-1.6210054159164429,-1.601084589958191
1.5653764009475708,3.3732287883758545,2.299017906188965,-1.3301783800125122,-1.3977866172790527
2.177353620529175,-2.554901123046875,1.7692874670028687,-1.695250153541565,-1.7031277418136597
-0.12385979294776917,-2.75441312789917,-1.9275872707366943,-1.709643840789795,-1.9164655208587646
1.5804933309555054,1.3887090682983398,2.626588821411133,-1.56961989402771,-1.7380090951919556
2.835573196411133,-0.7907452583312988,2.7476789951324463,-1.6140320301055908,-1.6113576889038086
-1.1200475692749023,3.22318959236145,-0.9299988150596619,-1.6299620866775513,-1.9325644969940186
-1.074476718902588,1.9467750787734985,2.753723621368408,-1.9367589950561523,-1.8345470428466797
1.0363103151321411,-1.8875532150268555,-0.6776495575904846,-1.9529253244400024,-2.2840402126312256
2.448153495788574,-2.25124454498291,-2.1685802936553955,-1.615478754043579,-1.6180872917175293
1.4124642610549927,-2.8292782306671143,-3.482975721359253,-1.8257381916046143,-1.7786433696746826
-1.1669968366622925,-3.153859853744507,-2.366445541381836,-1.4128141403198242,-1.7351646423339844
-1.7600033283233643,-2.6147661209106445,-1.8312983512878418,-1.062129020690918,-1.1040005683898926
-2.3652753829956055,1.7854779958724976,-3.1422877311706543,-1.9139524698257446,-1.7763699293136597
0.4764045476913452,2.1704564094543457,1.6917855739593506,-1.2976036071777344,-1.2101424932479858
1.2163065671920776,-0.782454252243042,1.4590424299240112,-1.5613329410552979,-1.618494987487793
-1.6081494092941284,-1.7959907054901123,-0.2782076895236969,-1.9281257390975952,-1.9451873302459717
-4.157802104949951,0.1965574473142624,0.8953976035118103,-1.8562709093093872,-1.8311684131622314
-1.1087721586227417,-1.1446229219436646,-1.1503949165344238,-0.9193798899650574,-1.0548408031463623
-1.1853612661361694,3.0744357109069824,-0.2508547306060791,-2.0426108837127686,-2.5171799659729004
-2.3790647983551025,-1.505173921585083,-0.7117357850074768,-1.633276343345642,-1.6438007354736328
-1.883251667022705,0.28305137157440186,-0.6059843301773071,-1.5024446249008179,-2.00575590133667
1.3409841060638428,0.9445002675056458,2.0171658992767334,-1.305946946144104,-1.644652247428894
2.7037241458892822,-0.8717343211174011,4.476206302642822,-3.1829288005828857,-3.174204111099243
-2.401670217514038,1.2407788038253784,1.2198777198791504,-1.6108858585357666,-1.6055669784545898
3.7587544918060303,1.7201628684997559,2.5075275897979736,-1.437628984451294,-1.6148903369903564
2.994757652282715,1.2015467882156372,5.029791355133057,-3.67756986618042,-4.407922744750977
-2.5258476734161377,-2.465372323989868,-2.7629802227020264,-0.9551064372062683,-1.0037074089050293
2.829817771911621,-2.0812387466430664,-1.7593066692352295,-1.6638777256011963,-1.836092233657837
-2.809128999710083,-1.9202086925506592,-1.6597766876220703,-1.2178524732589722,-1.3787038326263428
-1.0899227857589722,-3.0978200435638428,-2.968350648880005,-1.4611088037490845,-1.746627688407898
-1.3842579126358032,-1.5583374500274658,0.45715707540512085,-2.768173933029175,-2.9812896251678467
3.346083402633667,3.183501958847046,2.059023141860962,-1.644386649131775,-1.951436996459961
2.0674729347229004,-2.143886089324951,-2.1416666507720947,-1.6119459867477417,-1.6038193702697754
-0.2595481872558594,-1.6601499319076538,-0.35583028197288513,-1.2596533298492432,-1.3762359619140625
2.070197343826294,-0.60141921043396,1.9981111288070679,-1.581077218055725,-1.5741550922393799
-1.6558141708374023,-2.405151844024658,-2.52431583404541,-1.094042181968689,-1.1894054412841797
2.5129315853118896,-1.6397349834442139,-0.5532820820808411,-2.186011552810669,-2.651075839996338
2.1062171459198,1.348689317703247,2.7816174030303955,-1.468620777130127,-1.6726412773132324
-0.10169264674186707,2.1903202533721924,-0.6973704099655151,-1.7712066173553467,-1.866572618484497
2.6400105953216553,3.446279764175415,2.2419140338897705,-1.2698997259140015,-1.2543952465057373
2.729240894317627,-1.758630394935608,1.7459238767623901,-2.0920567512512207,-2.397697687149048
0.760461151599884,1.4359554052352905,0.4646523892879486,-1.1539500951766968,-1.2818357944488525
0.8284010887145996,-1.9238412380218506,1.1403751373291016,-1.6511958837509155,-1.5495812892913818
-2.6855828762054443,-1.534857153892517,-2.725762128829956,-1.212459921836853,-1.129838466644287
-2.3901352882385254,-0.33448103070259094,-0.5297137498855591,-1.4651293754577637,-1.5334395170211792
-1.6404316425323486,-0.9400895833969116,0.24417302012443542,-2.019592523574829,-2.00705885887146
-1.4986672401428223,3.4093079566955566,1.8939788341522217,-2.7502639293670654,-2.8669261932373047
-4.627336502075195,2.2968175411224365,-5.137197017669678,-1.7420645952224731,-1.7313133478164673
-2.236919641494751,1.241338849067688,-1.868994116783142,-1.6713205575942993,-1.3830254077911377
-2.4858760833740234,-2.159188985824585,-5.153985977172852,-4.837498664855957,-4.954404354095459
1.8525434732437134,-1.5075390338897705,-1.7503455877304077,-1.6400010585784912,-1.3899359703063965
1.12064790725708,-1.912349820137024,-3.144638776779175,-2.371114492416382,-2.3009581565856934
-2.183077573776245,1.7812895774841309,2.0944409370422363,-1.661005973815918,-1.4210200309753418
-1.776319146156311,-0.7329270243644714,-0.807200014591217,-1.128117322921753,-1.4582798480987549
-3.6870229244232178,-2.1017658710479736,-4.207135200500488,-1.6297374963760376,-1.376631736755371
0.8436985611915588,-4.00921630859375,0.563758134841919,-1.6512391567230225,-1.4973764419555664
-2.395538806915283,0.6758129596710205,0.41085362434387207,-1.6272034645080566,-1.5705420970916748
3.8115546703338623,0.9735748171806335,0.20554770529270172,-1.9050047397613525,-1.767716407775879
1.8264881372451782,-1.8048382997512817,-0.6574363708496094,-2.185706853866577,-2.6004045009613037
1.6004788875579834,2.5591514110565186,2.886509895324707,-1.2862303256988525,-1.200088620185852
-2.665431022644043,2.38211989402771,0.253553569316864,-3.7499382495880127,-4.236478805541992
-2.604393243789673,1.4134873151779175,-2.5959250926971436,-1.6117985248565674,-1.2441349029541016
1.8929895162582397,2.7651898860931396,4.251035213470459,-2.544473648071289,-2.3073744773864746
-1.7118287086486816,1.6292551755905151,-2.0715789794921875,-1.6756640672683716,-1.4679677486419678
2.0150034427642822,-1.8020200729370117,2.9631381034851074,-2.061546802520752,-1.8934457302093506
-3.2033565044403076,1.2531770467758179,-2.475210428237915,-1.875935673713684,-1.9267635345458984
-3.055464029312134,1.4747123718261719,-3.8498830795288086,-1.9276355504989624,-1.8616163730621338
1.4470405578613281,-2.177474021911621,1.3924601078033447,-1.611865758895874,-1.416433572769165
1.3413366079330444,2.8473005294799805,1.3911464214324951,-1.3155806064605713,-1.2578896284103394
1.2961739301681519,-4.626589775085449,-5.111318111419678,-1.7295665740966797,-2.0042715072631836
0.9475283026695251,2.037682294845581,1.4422035217285156,-1.0683858394622803,-0.9883663654327393
2.2677977085113525,-0.9915512204170227,3.0120043754577637,-1.8885713815689087,-1.673673152923584
2.894981861114502,2.268091917037964,2.4405620098114014,-0.9770234227180481,-0.9765192866325378
1.2770107984542847,-4.353414535522461,2.1197004318237305,-1.9671486616134644,-1.7715805768966675
0.15687420964241028,-3.2580111026763916,0.35844680666923523,-1.630927562713623,-1.5096240043640137
0.9728854298591614,-1.5191764831542969,1.0095118284225464,-1.5726642608642578,-1.4973998069763184
-1.9275972843170166,-0.21447625756263733,-3.586552143096924,-2.9747989177703857,-2.6963858604431152
-1.5900417566299438,4.3498005867004395,3.1936116218566895,-2.2804512977600098,-2.4378442764282227
-1.7741798162460327,-0.9084817171096802,0.7794520258903503,-2.888690948486328,-3.0936155319213867
-1.1920218467712402,-3.034406900405884,-0.5933103561401367,-1.7322947978973389,-1.5485761165618896
-2.9751405715942383,2.279034376144409,3.7307703495025635,-2.6658544540405273,-2.665849447250366
-1.2752529382705688,-2.274660110473633,-1.3945846557617188,-1.0981755256652832,-1.231511116027832
-1.8329412937164307,-0.8124105334281921,0.5653777718544006,-2.425297975540161,-2.5452425479888916
-3.807086944580078,-2.5398364067077637,-3.824514627456665,-1.2488353252410889,-1.0694758892059326
3.429117202758789,1.225426435470581,3.3181962966918945,-1.5115152597427368,-1.529792308807373
-3.306217908859253,1.2501122951507568,-4.847128868103027,-2.7992889881134033,-2.8200955390930176
2.6686551570892334,0.7167378067970276,3.5311148166656494,-1.9567376375198364,-1.6355350017547607
-2.1591906547546387,1.7497162818908691,-0.7273668050765991,-2.5152368545532227,-3.3470160961151123
1.956474781036377,-0.36598116159439087,1.5972706079483032,-1.5322755575180054,-1.2617433071136475
2.1770055294036865,2.4917657375335693,2.5806565284729004,-0.9608964920043945,-0.944739580154419
-1.9315319061279297,-2.6099798679351807,-2.558642864227295,-1.0131534337997437,-1.044447660446167
2.883375883102417,-2.8204774856567383,2.829076051712036,-1.6135598421096802,-1.5696425437927246
1.1883277893066406,-1.1101919412612915,-0.5347009301185608,-1.5406728982925415,-1.5931191444396973
-1.7255250215530396,-5.21121883392334,-5.443210601806641,-1.637972116470337,-1.892639398574829
-2.0954127311706543,1.3700939416885376,-2.1903269290924072,-1.6148163080215454,-1.35903799533844
2.8821816444396973,-3.334238052368164,-3.2901651859283447,-1.6130568981170654,-1.8026609420776367
3.5364630222320557,3.5488946437835693,3.6549177169799805,-0.9252563714981079,-0.8886998891830444
-2.111600399017334,-1.756250023841858,-3.2238545417785645,-1.7406448125839233,-1.601614236831665
2.5957090854644775,-2.205232620239258,2.902219772338867,-1.659057855606079,-1.433545708656311
2.264251232147217,-2.2955660820007324,1.5467751026153564,-1.8686667680740356,-2.0854008197784424
3.0270845890045166,-0.810491144657135,3.221618413925171,-1.6307069063186646,-1.5683047771453857
0.8743738532066345,1.288072943687439,-0.13057711720466614,-1.6434704065322876,-1.7802461385726929
1.4938589334487915,1.2498778104782104,2.6998684406280518,-1.7951059341430664,-1.9678864479064941
-1.969892144203186,3.149210214614868,3.215930461883545,-1.6143100261688232,-1.6023399829864502
0.9403314590454102,-2.966709613800049,0.8031154870986938,-1.6206721067428589,-1.483186960220337
2.242314338684082,-0.0659080296754837,1.0050127506256104,-1.5837831497192383,-1.799325704574585
-2.4923057556152344,-1.72189462184906,-1.9162765741348267,-1.0086379051208496,-0.9712074995040894
-3.1344738006591797,1.2900481224060059,-3.3742117881774902,-1.640803337097168,-1.3447654247283936
-2.285072088241577,-2.2660956382751465,-0.9328638911247253,-1.8203507661819458,-1.822627305984497
-1.6066406965255737,2.1892850399017334,2.258455753326416,-1.6139066219329834,-1.5504770278930664
-1.876923680305481,1.6435778141021729,-1.8771581649780273,-1.6100538969039917,-1.4343833923339844
1.8607511520385742,-2.1681137084960938,-1.948789119720459,-1.635414719581604,-1.6796038150787354
0.7988176345825195,3.304715156555176,5.36608362197876,-3.7364587783813477,-4.227729320526123
-0.7594420909881592,1.087979793548584,-0.4217720329761505,-1.3774033784866333,-1.7578561305999756
1.20123291015625,-4.293426513671875,-2.1246280670166016,-3.923137664794922,-3.290168046951294
2.786329507827759,3.079911470413208,3.8181443214416504,-1.312930703163147,-1.256098985671997
-1.7331883907318115,1.7439446449279785,1.5379222631454468,-1.6284704208374023,-1.5908467769622803
-1.5910745859146118,-4.592808246612549,-4.956402778625488,-1.6744825839996338,-1.798865556716919
-1.1039726734161377,-1.48298180103302,-0.7526451349258423,-1.0779012441635132,-1.067350149154663
3.4086153507232666,-1.4807264804840088,3.9494473934173584,-1.7583348751068115,-1.5070860385894775
-3.070380449295044,2.876560688018799,-1.8186588287353516,-2.395453691482544,-2.886730194091797
-0.5525923371315002,-1.6289721727371216,-0.5477566123008728,-1.1690902709960938,-1.2535300254821777
-2.7682220935821533,-1.1249747276306152,-1.1190484762191772,-1.3836184740066528,-1.5596411228179932
2.4578025341033936,-2.603048801422119,-4.575220108032227,-3.5568156242370605,-3.397000551223755
0.47389379143714905,-1.7366656064987183,-2.160648822784424,-1.6685032844543457,-1.7111966609954834
-2.3860039710998535,-1.3018337488174438,0.40246349573135376,-2.980465888977051,-3.3481624126434326
1.1924115419387817,-0.6470438838005066,-0.0294320210814476,-1.3494075536727905,-1.4294419288635254
-2.09820818901062,-1.9561545848846436,-1.4997985363006592,-1.0598258972167969,-1.002223253250122
1.3561512231826782,1.3819395303726196,1.0527305603027344,-0.9690408706665039,-0.9021421074867249
-1.5406774282455444,1.6515729427337646,-1.98922860622406,-1.7112226486206055,-1.5087482929229736
-2.8577969074249268,-3.1935930252075195,-2.2314019203186035,-1.239617943763733,-0.9568718075752258
2.780543565750122,1.0338295698165894,3.168476104736328,-1.582558274269104,-1.5805425643920898
0.5201370120048523,-3.4573168754577637,1.151174545288086,-1.8111600875854492,-1.713788390159607
-2.3842010498046875,2.0166780948638916,2.2095189094543457,-1.630652904510498,-1.4125540256500244
-2.5147440433502197,-1.9154257774353027,-1.5257376432418823,-1.180250883102417,-1.293696403503418
-3.1017420291900635,-3.5509724617004395,-4.70219612121582,-1.8436211347579956,-2.359877824783325
0.6149172782897949,-3.493946075439453,2.478160858154297,-3.347923994064331,-3.0486223697662354
-2.4556045532226562,-2.853691577911377,-2.746643304824829,-0.9428116083145142,-0.8827357292175293
2.265029191970825,1.1692748069763184,2.4967823028564453,-1.2843559980392456,-1.4678081274032593
0.05833003669977188,-0.5195206999778748,-1.8497778177261353,-2.1658973693847656,-1.7309937477111816
-1.1521780490875244,-2.1107351779937744,-2.5786828994750977,-1.3827167749404907,-1.3121719360351562
1.863836646080017,1.2235968112945557,1.3814226388931274,-0.9819976091384888,-1.0984413623809814
-0.2185136377811432,0.5589916110038757,1.1284840106964111,-1.3857816457748413,-1.4661247730255127
0.6794171929359436,-0.9268327355384827,-1.0065158605575562,-1.398380160331726,-1.3777985572814941
1.2369844913482666,-2.0070598125457764,-1.8511382341384888,-1.615679144859314,-1.627941370010376
-2.468810796737671,2.907011032104492,-1.2117481231689453,-2.4017324447631836,-2.749232769012451
-1.731046438217163,-1.5011454820632935,-1.0373358726501465,-1.090815544128418,-1.1089354753494263
1.4810025691986084,1.9245980978012085,2.845862865447998,-1.5650317668914795,-1.5611761808395386
-2.871863603591919,2.940025806427002,-2.3023345470428467,-1.7742661237716675,-1.794296383857727
2.3096365928649902,-1.1322015523910522,-1.4945979118347168,-1.6769826412200928,-1.5247087478637695
-2.628464937210083,2.4775257110595703,-2.6971077919006348,-1.6144400835037231,-1.4657673835754395
-3.232520341873169,-1.487328290939331,-1.2276952266693115,-1.5159658193588257,-1.7237414121627808
3.3168632984161377,3.4890177249908447,4.1622233390808105,-1.2087640762329102,-1.1320161819458008
1.5192443132400513,2.1861114501953125,2.261017322540283,-1.0486575365066528,-0.868453323841095
-1.7233786582946777,4.111123561859131,3.862680673599243,-1.6429474353790283,-1.5612845420837402
2.8014252185821533,1.4939497709274292,2.5332953929901123,-1.175528883934021,-1.4327677488327026
-0.8286575675010681,3.2819440364837646,2.863659620285034,-1.6983717679977417,-1.5218708515167236
-2.353424549102783,1.9998432397842407,0.6990439891815186,-2.4362778663635254,-2.9683585166931152
-1.6893625259399414,-1.4912025928497314,-0.7098617553710938,-1.307617425918579,-1.2910854816436768
2.6485772132873535,1.7183992862701416,5.308803081512451,-5.097292900085449,-5.968185901641846
-0.7279086112976074,5.001668453216553,4.767019748687744,-1.6396154165267944,-1.429999589920044
1.5390989780426025,2.439826011657715,1.5077470541000366,-1.1130263805389404,-1.148008108139038
1.633244276046753,2.8469648361206055,3.4052932262420654,-1.5503292083740234,-1.3274009227752686
-3.664651393890381,-2.532465934753418,-1.8730394840240479,-1.6066077947616577,-1.9492402076721191
2.774141311645508,-0.9166104793548584,1.6691710948944092,-2.1595468521118164,-2.477890729904175
1.633585810661316,2.9690968990325928,4.199128150939941,-2.2922611236572266,-2.2734735012054443
-1.4192981719970703,1.7072466611862183,2.781411647796631,-2.1887388229370117,-2.0976080894470215
2.3408164978027344,-3.410498857498169,-3.1857800483703613,-1.6373347043991089,-1.82322359085083
-2.4740498065948486,-1.4150947332382202,-2.2900032997131348,-1.1021397113800049,-1.0251173973083496
2.986915111541748,-2.6621460914611816,3.9547441005706787,-2.0804319381713867,-1.9402592182159424
3.8112213611602783,2.530184268951416,2.218763589859009,-1.4017677307128906,-1.1661406755447388
1.5348296165466309,1.4248050451278687,2.666332244873047,-1.6222316026687622,-1.7695963382720947
3.460009813308716,-3.2582926750183105,-4.913218021392822,-2.9814748764038086,-2.5365138053894043
-2.488839626312256,-4.091124534606934,-2.1661429405212402,-1.5112754106521606,-1.2943470478057861
-1.4975590705871582,2.990173578262329,3.018608808517456,-1.612452745437622,-1.5795540809631348
-2.3860490322113037,3.693941593170166,2.5382132530212402,-2.2799291610717773,-2.253969669342041
2.4659600257873535,-3.744488000869751,3.4668538570404053,-2.1129796504974365,-1.964245319366455
2.7237606048583984,0.3939777910709381,2.281411647796631,-1.539548635482788,-1.3778769969940186
-1.2554700374603271,-2.7210516929626465,-1.866226315498352,-1.190882682800293,-1.4108322858810425
-1.840818166732788,1.236230492591858,-1.220551609992981,-1.746863842010498,-1.8329973220825195
1.4668833017349243,2.182316303253174,0.7703740000724792,-1.4691318273544312,-1.5597498416900635
-3.3920938968658447,2.685509204864502,-5.017364025115967,-2.9328370094299316,-2.7953503131866455
-3.0841662883758545,2.54645037651062,-2.630434036254883,-1.7150204181671143,-1.6970727443695068
-1.5434553623199463,-2.449732780456543,-1.7915489673614502,-1.038317322731018,-1.1601009368896484
1.6181929111480713,2.146380662918091,2.4894657135009766,-1.1253427267074585,-1.0063042640686035
-0.32964280247688293,2.1733615398406982,1.4841187000274658,-1.630643367767334,-1.422337293624878
-3.014430522918701,0.02057015709578991,2.0614705085754395,-3.694702625274658,-4.160841941833496
0.6376659274101257,-3.2896952629089355,-3.24918532371521,-1.6123818159103394,-1.624521255493164
0.6546608805656433,-1.7178843021392822,-0.8577830195426941,-1.6026935577392578,-1.817834734916687
-1.9822419881820679,2.4520184993743896,3.4738733768463135,-2.134178876876831,-2.030383348464966
2.003342390060425,0.8711370229721069,1.4119881391525269,-1.079391360282898,-1.1000208854675293
3.008781671524048,1.91910982131958,2.624903678894043,-1.0764750242233276,-1.4358012676239014
2.717722177505493,-1.2328969240188599,1.9708659648895264,-1.8832093477249146,-2.1372995376586914
1.632171869277954,-0.9959352016448975,1.704935073852539,-1.5889393091201782,-1.5789690017700195
2.3601553440093994,-2.799903631210327,-3.8076350688934326,-2.119846820831299,-1.8197721242904663
1.1564607620239258,-0.5378034114837646,-0.5491814613342285,-1.4022890329360962,-1.474358081817627
-1.7502095699310303,3.100531816482544,2.4470267295837402,-1.8254351615905762,-1.7654447555541992
1.9375766515731812,3.017991542816162,2.8480987548828125,-1.1135398149490356,-1.2495195865631104
3.4043023586273193,-0.5117188096046448,-0.9412041902542114,-1.7042275667190552,-1.5433502197265625
-2.327979564666748,1.8121557235717773,-1.2679803371429443,-2.1587297916412354,-2.6018142700195312
-1.475269079208374,1.5663920640945435,-0.04528077691793442,-2.070014238357544,-2.7470033168792725
-0.4100261628627777,-2.6715919971466064,-3.141623020172119,-1.6961289644241333,-1.3646669387817383
-3.3936309814453125,2.128412961959839,-2.2231152057647705,-2.2969861030578613,-2.843331813812256
0.4355340003967285,-2.7890162467956543,-0.812358021736145,-2.1215710639953613,-2.4985480308532715
1.7699795961380005,-0.5438013076782227,-1.6261450052261353,-2.192213535308838,-2.108288049697876
-2.332200050354004,2.756514549255371,-2.4116413593292236,-1.6152396202087402,-1.4704972505569458
-1.8758941888809204,-1.4426904916763306,-1.7677247524261475,-0.9479997158050537,-0.9426087737083435
2.6121253967285156,0.12801693379878998,2.051062822341919,-1.6004019975662231,-1.5232741832733154
2.0989162921905518,-1.9524296522140503,-1.6489293575286865,-1.6572093963623047,-1.7405471801757812
0.37000730633735657,-2.0950658321380615,2.3444619178771973,-3.560952663421631,-3.464928388595581
-3.208211898803711,-0.447721928358078,0.36443328857421875,-1.9395335912704468,-1.907226324081421
1.394895076751709,1.780213713645935,2.7208728790283203,-1.5560526847839355,-1.6078195571899414
2.6522915363311768,0.9922147989273071,2.699130058288574,-1.4035369157791138,-1.2959837913513184
-3.2549705505371094,3.4622390270233154,4.031274795532227,-1.773986577987671,-1.4299037456512451
-2.036853790283203,2.9771804809570312,3.455833673477173,-1.7266398668289185,-1.4307024478912354
-1.939245343208313,1.1860826015472412,-1.3445831537246704,-1.7414965629577637,-1.7505896091461182
-2.3578035831451416,-2.4031121730804443,-4.134758472442627,-2.457190990447998,-2.566122531890869
3.239919424057007,2.278592348098755,3.961503744125366,-1.598727822303772,-1.504913091659546
-3.614278554916382,-3.6739087104797363,-3.045483350753784,-1.0983909368515015,-0.8558038473129272
2.4585418701171875,-3.840378522872925,-3.9218757152557373,-1.6154066324234009,-1.8311951160430908
2.385576009750366,2.858384609222412,3.8356568813323975,-1.6427788734436035,-1.4181896448135376
-1.1201432943344116,2.9399194717407227,-1.154442310333252,-1.6124448776245117,-1.6976017951965332
0.9487156271934509,-2.1599903106689453,-0.9680356383323669,-2.04170298576355,-2.285053014755249
-2.88081955909729,-1.8662326335906982,-2.3297839164733887,-1.048322319984436,-0.9622374176979065
-2.2352421283721924,-1.1437735557556152,0.5863984823226929,-3.0287270545959473,-3.405545949935913
1.875543475151062,2.5621402263641357,2.859611988067627,-1.1591566801071167,-1.1216967105865479
-1.7787747383117676,1.8170374631881714,3.5339982509613037,-3.086059808731079,-3.0211663246154785
-2.6084086894989014,1.415095567703247,3.582948684692383,-3.961879014968872,-3.932164430618286
2.505664348602295,1.0742167234420776,0.7468746900558472,-1.4629855155944824,-1.4264795780181885
2.0621376037597656,-2.105983018875122,-0.2750510275363922,-2.989494800567627,-3.315857410430908
1.8125500679016113,-2.8516440391540527,-5.385187149047852,-4.821506023406982,-4.371266841888428
2.927312135696411,0.36202627420425415,1.8628426790237427,-1.726670503616333,-1.9094150066375732
-3.794055938720703,-3.584195613861084,-4.791233062744141,-1.5250921249389648,-1.9428119659423828
1.7631051540374756,-0.9339645504951477,1.420336127281189,-1.6065775156021118,-1.5882298946380615
2.2844183444976807,1.6784932613372803,2.836663246154785,-1.2973251342773438,-1.4196196794509888
-2.2291369438171387,4.14929723739624,3.9622530937194824,-1.6295784711837769,-1.6009223461151123
-0.0033439781982451677,-1.6785216331481934,0.4689267575740814,-1.617946982383728,-1.5459423065185547
-2.494927167892456,4.238720893859863,5.09729528427124,-1.9806605577468872,-1.7896859645843506
-2.265782117843628,3.380584716796875,-1.5175893306732178,-1.891973853111267,-2.0544333457946777
-1.7618622779846191,-2.3254592418670654,-3.4396791458129883,-1.857614517211914,-1.7176477909088135
1.9817339181900024,3.439312219619751,2.5741333961486816,-1.188874363899231,-1.2403020858764648
1.3407231569290161,2.4046120643615723,1.7175097465515137,-1.0690557956695557,-1.1171188354492188
0.6877361536026001,0.29674699902534485,-0.0738116130232811,-1.092145323753357,-0.9228666424751282
2.1370081901550293,2.5148515701293945,0.1052652895450592,-3.316923141479492,-3.9272916316986084
-0.4746449291706085,0.5193246006965637,0.7385116219520569,-1.2368385791778564,-1.3550913333892822
-3.288414239883423,1.4716377258300781,-3.982968330383301,-1.853287935256958,-1.7915661334991455
1.2523151636123657,-0.6263667345046997,1.0767427682876587,-1.4138847589492798,-1.5724375247955322
-0.020851990208029747,-3.209540843963623,0.3157583773136139,-1.6666231155395508,-1.5477216243743896
-1.0744019746780396,-1.4788708686828613,-3.213042736053467,-2.7394275665283203,-2.4529616832733154
1.5985307693481445,-3.083325147628784,1.0509135723114014,-1.761802315711975,-1.881239891052246
-1.9468220472335815,2.4093081951141357,-2.6669411659240723,-1.871368169784546,-1.807970404624939
-1.5050321817398071,1.9905868768692017,-1.4596236944198608,-1.6105166673660278,-1.4461653232574463
1.434849500656128,-1.3481526374816895,-1.1162070035934448,-1.6000773906707764,-1.6165425777435303
0.4086175858974457,1.1131327152252197,2.347588300704956,-2.0911219120025635,-2.260406970977783
-1.4902602434158325,-0.5679627656936646,0.44631579518318176,-1.8981680870056152,-1.9198791980743408
-1.0683925151824951,1.8462313413619995,1.3746119737625122,-1.6683049201965332,-1.502615213394165
-2.220555543899536,1.0338857173919678,0.7726837396621704,-1.6345374584197998,-1.8045895099639893
1.6364816427230835,-2.036038875579834,1.455307960510254,-1.6262083053588867,-1.4820270538330078
-1.1883751153945923,0.6235648989677429,-0.3533087968826294,-1.3297812938690186,-1.9209048748016357
1.0337433815002441,4.337002277374268,2.398007869720459,-2.2155263423919678,-1.9886746406555176
2.0451042652130127,-3.041703224182129,2.621791362762451,-1.7783695459365845,-1.5222022533416748
-1.8723673820495605,2.069326877593994,2.3252830505371094,-1.6446882486343384,-1.4014921188354492
1.8357598781585693,-3.1914074420928955,-4.593357563018799,-2.5948173999786377,-2.341278076171875
3.379249334335327,-0.1164829283952713,-0.1476607769727707,-1.6105825901031494,-1.6838099956512451
-1.6210724115371704,1.7957249879837036,-0.6560435891151428,-2.0018110275268555,-2.4692740440368652
-2.087994337081909,2.300474166870117,2.298970937728882,-1.6120206117630005,-1.5373177528381348
2.2168667316436768,-2.2873077392578125,2.1823482513427734,-1.6126354932785034,-1.4965741634368896
-3.3108913898468018,2.669309377670288,-4.667510032653809,-2.532292604446411,-2.3719332218170166
2.932522773742676,3.239861249923706,4.680379867553711,-2.1717517375946045,-1.6300277709960938
-2.244380235671997,2.5378410816192627,1.267371416091919,-2.414438486099243,-2.7389893531799316
-1.8103090524673462,-2.3995862007141113,-0.32856225967407227,-2.4089791774749756,-2.5093538761138916
0.7764584422111511,-0.07978933304548264,0.17140336334705353,-1.0233696699142456,-0.8740435838699341
2.9352126121520996,2.211033821105957,4.738334655761719,-3.0483620166778564,-3.016360282897949
-2.467078447341919,2.2254631519317627,3.0799124240875244,-1.9771270751953125,-1.8242863416671753
-1.6710505485534668,-2.5817770957946777,-1.5906791687011719,-1.1366560459136963,-1.164431095123291
2.2048633098602295,-1.3641870021820068,-1.4945634603500366,-1.619509220123291,-1.4545278549194336
0.1884094774723053,-2.582113027572632,-2.552603006362915,-1.589416265487671,-1.6245331764221191
1.2527108192443848,-3.095649003982544,-3.2178289890289307,-1.6195036172866821,-1.654689073562622
-0.32936084270477295,2.5134081840515137,1.785835862159729,-1.7465016841888428,-1.57710862159729
1.6021851301193237,2.8439438343048096,3.1038427352905273,-1.3569505214691162,-1.4083888530731201
2.0025320053100586,-1.4565763473510742,-2.3726797103881836,-2.031602144241333,-1.853744626045227
-1.822127342224121,1.0236337184906006,-2.332331657409668,-1.7381658554077148,-1.4497630596160889
-2.1258654594421387,1.719439148902893,-2.662222385406494,-1.7558468580245972,-1.5669200420379639
-2.0056583881378174,-0.17406639456748962,-0.6285611987113953,-1.3579782247543335,-1.6909936666488647
-2.622615098953247,-1.693019986152649,-3.300875186920166,-1.5452916622161865,-1.4120200872421265
1.4546220302581787,-2.765916109085083,-4.238637447357178,-2.696539878845215,-2.542930841445923
-2.8426151275634766,-2.062225103378296,-3.7929766178131104,-1.7626233100891113,-1.5806384086608887
1.9041327238082886,-1.784859538078308,-1.292931318283081,-1.72629714012146,-1.8616538047790527
3.4076662063598633,-1.5307862758636475,3.098820686340332,-1.6597552299499512,-1.96104097366333
-0.6157969236373901,3.310856819152832,3.1136722564697266,-1.630553960800171,-1.4071122407913208
-1.0282305479049683,-0.7241014838218689,0.6501150131225586,-2.0685720443725586,-2.21004319190979
0.6983532905578613,-1.801761269569397,0.1372104436159134,-1.6051623821258545,-1.7527117729187012
-2.6377320289611816,2.183514356613159,3.7676963806152344,-2.8669018745422363,-2.9294705390930176
1.138599157333374,2.4639952182769775,2.621495008468628,-1.333912968635559,-0.9615101218223572
-3.1385788917541504,0.6390042901039124,-2.3422863483428955,-1.9131243228912354,-2.1668291091918945
-3.2342655658721924,-1.0199906826019287,0.14403486251831055,-2.2830393314361572,-2.4161994457244873
-2.001404047012329,2.8786816596984863,4.1286725997924805,-2.393324375152588,-2.4062700271606445
-2.727416753768921,-1.5090986490249634,-0.2055935561656952,-2.3688204288482666,-2.487288475036621
3.0364809036254883,2.2880020141601562,2.0554358959198,-1.1475061178207397,-1.0237114429473877
-2.5789616107940674,-1.4471935033798218,-2.6907248497009277,-1.236863613128662,-1.1840486526489258
-1.905744194984436,1.6279997825622559,-1.6891655921936035,-1.631371259689331,-1.4741919040679932
2.5780844688415527,0.4169195890426636,-0.8455350995063782,-2.402679204940796,-2.309795379638672
-3.403857469558716,-2.0780739784240723,-3.598479986190796,-1.3527727127075195,-1.1884275674819946
-0.9105591773986816,-3.1360507011413574,-2.7920079231262207,-1.505134105682373,-1.8174879550933838
0.9659971594810486,-1.4667998552322388,-4.3232340812683105,-5.691644668579102,-5.407723903656006
-1.1894779205322266,3.317566156387329,2.498227119445801,-1.9461864233016968,-1.8382736444473267
0.7869973182678223,-1.0315934419631958,1.2887777090072632,-1.663956642150879,-1.6246973276138306
-2.7594850063323975,1.1667094230651855,1.723231554031372,-1.7668936252593994,-1.7301301956176758
-2.740048885345459,-1.901818037033081,-2.8334619998931885,-1.1152139902114868,-1.0657745599746704
2.557849884033203,-2.5330169200897217,-2.603694438934326,-1.6145817041397095,-1.5895631313323975
0.30399781465530396,0.47396624088287354,-0.024821076542139053,-1.0075479745864868,-0.9357688426971436
-1.6140210628509521,2.7437562942504883,1.5871201753616333,-2.2694332599639893,-2.2898292541503906
0.8421633839607239,1.0671154260635376,1.4552104473114014,-1.0489654541015625,-1.0605688095092773
-2.525872230529785,-2.1638245582580566,-2.253652811050415,-0.9393454194068909,-0.8771393895149231
1.550354242324829,-0.4847688376903534,-1.4587092399597168,-2.069143772125244,-1.975982427597046
0.45557257533073425,-1.608009696006775,0.24292711913585663,-1.4654158353805542,-1.5307635068893433
-1.759840726852417,2.119213342666626,3.152515411376953,-2.145932674407959,-2.0248448848724365
-2.3661611080169678,0.6889618635177612,-3.899519920349121,-2.7875936031341553,-2.7224483489990234
1.0463016033172607,4.014422416687012,1.1164919137954712,-1.5996135473251343,-1.52107572555542
-1.0972380638122559,1.8036783933639526,-2.1402294635772705,-2.1552793979644775,-1.9918076992034912
-3.476781129837036,2.2475810050964355,-3.6906135082244873,-1.6349478960037231,-1.4391369819641113
-0.6747021675109863,-2.3025643825531006,-4.203067302703857,-3.4060635566711426,-3.176177740097046
1.5686419010162354,-2.576512575149536,0.12940271198749542,-2.5778732299804688,-3.1382930278778076
1.2781617641448975,-2.2823963165283203,-3.8040223121643066,-2.7697508335113525,-2.6114468574523926
-2.1268014907836914,1.9319252967834473,-0.3401390612125397,-2.890864610671997,-3.5592126846313477
1.7924506664276123,0.3187422752380371,0.6478216052055359,-1.2290778160095215,-1.1699299812316895
2.688493490219116,0.6963931322097778,1.8644812107086182,-1.4151843786239624,-1.5878090858459473
-2.003974199295044,-2.677429437637329,-3.4591662883758545,-1.531807780265808,-1.6801214218139648
3.223623275756836,-2.152729034423828,-5.288351058959961,-6.528149127960205,-6.625126838684082
1.618092656135559,-0.4984050989151001,0.24400834739208221,-1.4739141464233398,-1.4362421035766602
-2.7889630794525146,3.000290870666504,-2.2566158771514893,-1.7537813186645508,-1.748523235321045
3.488499879837036,-0.05090192332863808,3.4539074897766113,-1.6105340719223022,-1.5620784759521484
3.52699875831604,1.8039305210113525,3.2696144580841064,-1.3428075313568115,-1.5172747373580933
-2.373009204864502,3.0144968032836914,2.2375659942626953,-1.9138636589050293,-2.043698787689209
-2.3821656703948975,2.2836241722106934,-3.872195243835449,-2.722179651260376,-2.863675117492676
2.423205614089966,0.6288666129112244,3.8119959831237793,-2.5600476264953613,-2.556190013885498
-1.3071469068527222,4.0937910079956055,3.6090869903564453,-1.7295483350753784,-1.5991648435592651
3.243617534637451,1.0101313591003418,-0.4479322135448456,-2.6718850135803223,-2.5468316078186035
-2.6931233406066895,-1.9615871906280518,-2.680084466934204,-1.0397409200668335,-0.9872421026229858
1.309321641921997,2.427954912185669,2.6296799182891846,-1.2769641876220703,-0.9604143500328064
2.9076087474823,-2.8462107181549072,-2.87325382232666,-1.6124513149261475,-1.660613775253296
2.1480307579040527,-1.1493127346038818,3.4616618156433105,-2.474841594696045,-2.2272636890411377
-1.5483520030975342,2.776764392852783,4.650675296783447,-3.367856740951538,-3.798504114151001
0.33371755480766296,-2.252028226852417,-2.722727060317993,-1.7124582529067993,-1.6185848712921143
-1.411378026008606,-2.106644630432129,-1.2236897945404053,-1.1054308414459229,-1.119779348373413
2.839110851287842,-4.021602630615234,-4.366706848144531,-1.6716341972351074,-1.8050202131271362
-2.9730751514434814,0.862321138381958,2.236042022705078,-2.5556371212005615,-2.6490049362182617
3.099167585372925,-2.1732640266418457,1.8254817724227905,-2.4224650859832764,-2.835909605026245
-0.5822733640670776,-1.4388830661773682,-0.44081997871398926,-1.143488883972168,-1.2337288856506348
0.9775258898735046,3.1331496238708496,3.7586519718170166,-1.782597303390503,-1.6182410717010498
1.4397040605545044,-1.6753761768341064,2.0922131538391113,-1.8239468336105347,-1.7114818096160889
0.7772567868232727,1.9809366464614868,1.5780194997787476,-1.1126799583435059,-1.0870692729949951
-0.9288866519927979,3.2072882652282715,3.0919039249420166,-1.618431806564331,-1.4230186939239502
-1.1773604154586792,-1.5079729557037354,-0.6362089514732361,-1.1753393411636353,-1.1260724067687988
1.9261670112609863,1.1953109502792358,1.3638975620269775,-1.0024957656860352,-1.137044072151184
-2.68681263923645,3.7871134281158447,-2.5780622959136963,-1.6179990768432617,-1.6062018871307373
-1.5430794954299927,0.4641735255718231,-1.9786187410354614,-1.652781367301941,-1.342902660369873
-3.175443649291992,-2.4002578258514404,-3.3108134269714355,-1.110393762588501,-1.0512361526489258
1.1953480243682861,1.1771353483200073,2.2886857986450195,-1.5266211032867432,-1.7839784622192383
-3.0405657291412354,-2.475123167037964,-3.4623444080352783,-1.1873583793640137,-1.2476862668991089
-0.314407080411911,-2.0143070220947266,-0.6920264959335327,-1.3131859302520752,-1.4690754413604736
-2.720064401626587,1.9507604837417603,3.4955363273620605,-2.8052520751953125,-2.7847213745117188
0.18224340677261353,-2.3438327312469482,-1.5090364217758179,-1.6686091423034668,-1.7996461391448975
-3.7545464038848877,3.058931827545166,2.690661668777466,-1.6798971891403198,-1.6306915283203125
1.2910819053649902,-2.851526975631714,-4.421994209289551,-2.845268726348877,-2.7242448329925537
-1.742052674293518,2.2776870727539062,-1.1045444011688232,-1.8112823963165283,-1.9607748985290527
-1.031656265258789,-2.6069178581237793,-3.8329362869262695,-2.322582483291626,-1.9507896900177002
-1.7429510354995728,0.6292381882667542,-2.392306327819824,-1.810144066810608,-1.4990200996398926
-2.3788392543792725,-1.1641058921813965,-5.333502769470215,-5.963981628417969,-6.548639297485352
-2.815309762954712,-0.9153600931167603,-1.373756766319275,-1.3856977224349976,-1.6850082874298096
3.794820547103882,-2.1108930110931396,-3.008544445037842,-2.01497483253479,-1.5785367488861084
-1.5030518770217896,-1.8942477703094482,-2.6279563903808594,-1.3534431457519531,-1.3092963695526123
0.745743453502655,1.1781883239746094,1.3324333429336548,-1.00773286819458,-0.9642334580421448
1.871212363243103,3.9608230590820312,0.5852643251419067,-2.4312756061553955,-2.622549057006836
1.764270544052124,-2.1088638305664062,0.19966943562030792,-2.623572587966919,-3.120767593383789
-2.000941753387451,2.433961868286133,2.9716999530792236,-1.7566617727279663,-1.4483110904693604
-2.6044836044311523,1.4833139181137085,-1.4811345338821411,-2.2200942039489746,-2.7692675590515137
-1.466158151626587,3.0172886848449707,-1.996399998664856,-1.7526599168777466,-1.605231523513794
-2.9941914081573486,0.47562187910079956,-0.9940456748008728,-2.356727361679077,-2.8210184574127197
-2.298588752746582,-0.9130405187606812,-0.44226542115211487,-1.541030764579773,-1.4293062686920166
-2.6545538902282715,-2.7563254833221436,-3.0154709815979004,-0.9681684970855713,-1.058922529220581
-1.736288070678711,-2.7809433937072754,-0.8358994722366333,-1.8134993314743042,-1.6504487991333008
3.095890760421753,2.862987518310547,2.336639881134033,-1.129515528678894,-1.1925535202026367
-3.104161024093628,0.10138137638568878,-3.2747721672058105,-1.6232478618621826,-1.4240130186080933
-1.5935685634613037,2.8046915531158447,2.7275092601776123,-1.6149758100509644,-1.6658438444137573
-3.4767234325408936,-0.7933765649795532,-3.893263816833496,-1.6899443864822388,-1.516892671585083
0.40142643451690674,-3.466088056564331,-1.337237000465393,-2.73814058303833,-2.8292438983917236
3.086669921875,-2.84352445602417,-4.500281810760498,-2.9845077991485596,-2.6443707942962646
2.0573296546936035,-3.0095982551574707,1.7972408533096313,-1.6458989381790161,-1.589062213897705
1.6914085149765015,-1.5877861976623535,2.9029722213745117,-2.3459420204162598,-2.1346914768218994
2.4484591484069824,-2.178976058959961,2.4005494117736816,-1.6132054328918457,-1.579740285873413
-3.16607403755188,3.1643712520599365,2.4908854961395264,-1.8388770818710327,-2.0428519248962402
-1.1565591096878052,3.050905227661133,3.9321541786193848,-2.0003821849823,-1.732972502708435
1.6792020797729492,-2.6531662940979004,-2.0366058349609375,-1.8009454011917114,-1.919964075088501
0.09590721130371094,1.6653802394866943,0.42373162508010864,-1.2682794332504272,-1.6309552192687988
2.086026668548584,1.3332064151763916,1.372262716293335,-1.0386438369750977,-1.0801711082458496
3.330127716064453,0.2985647916793823,3.4016668796539307,-1.606546401977539,-1.4007704257965088
-2.887171506881714,-0.9035862684249878,-3.3967745304107666,-1.6922986507415771,-1.4638171195983887
2.1286280155181885,-1.6381118297576904,3.390782356262207,-2.408595323562622,-2.2749273777008057
-2.419889211654663,-1.8800638914108276,-1.775040626525879,-1.0205414295196533,-0.9932790994644165
-2.705571174621582,1.0833579301834106,0.5674771070480347,-1.7397775650024414,-1.8670583963394165
-1.8654742240905762,2.7163655757904053,2.8661725521087646,-1.6232929229736328,-1.501690149307251
0.8977692723274231,1.477959394454956,1.2272260189056396,-0.9617255926132202,-0.8424020409584045
-1.7492280006408691,-1.2437992095947266,-1.119574785232544,-1.017382025718689,-1.2033535242080688
-2.1022608280181885,0.01937161013484001,2.3442418575286865,-4.31383752822876,-4.490500450134277
0.29044434428215027,-2.3935494422912598,1.5859583616256714,-2.4504218101501465,-2.181978225708008
-1.7578357458114624,-1.729818344116211,-0.7693982124328613,-1.393699288368225,-1.3623476028442383
-1.9024728536605835,-0.8855957984924316,0.08164583891630173,-1.8785573244094849,-1.7964017391204834
1.0243288278579712,-0.8554671406745911,2.418032646179199,-2.5709259510040283,-2.2716286182403564
1.958327293395996,0.8972024917602539,2.326251983642578,-1.3537625074386597,-1.576916217803955
-3.205073595046997,-2.2791593074798584,-2.435152530670166,-1.063152551651001,-0.9828943014144897
0.7961815595626831,1.737314224243164,3.7639989852905273,-3.5747411251068115,-3.631007432937622
1.8536338806152344,2.164583206176758,2.1941986083984375,-0.9477398991584778,-0.9068087339401245
-3.582736015319824,2.1145455837249756,1.0817608833312988,-2.1453757286071777,-2.7117578983306885
-0.6174154877662659,1.9761401414871216,2.4235363006591797,-1.701375961303711,-1.514272689819336
-1.7451821565628052,-2.0742454528808594,-2.191917657852173,-0.9712158441543579,-1.0275201797485352
1.3621745109558105,-1.7522917985916138,-2.6912665367126465,-2.052502155303955,-1.9885475635528564
1.3651636838912964,2.073178768157959,1.5304893255233765,-0.9971705079078674,-0.9818613529205322
-1.5875470638275146,-2.220977306365967,-3.5816287994384766,-2.2409372329711914,-2.05295467376709
2.419579267501831,1.8341971635818481,2.0758795738220215,-0.9629620313644409,-1.1030168533325195
0.44810426235198975,-0.4347195327281952,1.450661540031433,-1.868180751800537,-1.8780126571655273
-1.7881131172180176,-2.570272207260132,-1.7565644979476929,-1.071120262145996,-1.0863896608352661
1.4997447729110718,2.8622684478759766,2.161118268966675,-1.1511033773422241,-1.2466449737548828
3.954695224761963,-2.0805556774139404,4.565740585327148,-1.7987737655639648,-1.5978589057922363
2.2923130989074707,0.15751521289348602,0.1063651442527771,-1.5255436897277832,-1.6926429271697998
0.9225615859031677,2.507291316986084,3.321512460708618,-1.8680905103683472,-1.8737642765045166
0.06141720712184906,-1.2903847694396973,0.1368381828069687,-1.3058500289916992,-1.4574525356292725
-1.7368626594543457,2.4421277046203613,1.293005108833313,-2.2528700828552246,-2.38666033744812
2.362367630004883,-1.755192756652832,2.268618106842041,-1.6161739826202393,-1.6434578895568848
-1.9688365459442139,-1.0778191089630127,0.00878345500677824,-1.9750274419784546,-1.8942761421203613
-1.248461127281189,-3.719688892364502,-2.0394699573516846,-1.6372780799865723,-1.868703842163086
-1.9467360973358154,-2.89634108543396,-0.05373886972665787,-3.303452730178833,-3.599273920059204
1.8639997243881226,-1.0919872522354126,-0.4598250687122345,-1.7330306768417358,-1.7760801315307617
-4.038331985473633,2.3095595836639404,0.917517900466919,-2.580963373184204,-3.152499198913574
-1.1118521690368652,0.03269367665052414,-0.8508039116859436,-1.1153393983840942,-1.2894048690795898
1.9387084245681763,2.193741798400879,0.6636139750480652,-1.894817590713501,-2.289501905441284
-2.154151678085327,-2.889601469039917,-1.8492286205291748,-1.1824930906295776,-1.0419987440109253
0.34716978669166565,-0.944927453994751,-2.475222587585449,-2.7246410846710205,-2.2604501247406006
-2.299102306365967,2.290889024734497,-3.081315755844116,-1.9180140495300293,-1.8319880962371826
-1.7172330617904663,0.34901943802833557,-0.9153862595558167,-1.4510797262191772,-1.9084711074829102
-0.7859606146812439,-1.5318682193756104,-0.4679809808731079,-1.1943403482437134,-1.1768715381622314
1.628872036933899,-0.835026204586029,1.5957324504852295,-1.5618047714233398,-1.5714138746261597
2.730222463607788,-2.593839168548584,2.5586352348327637,-1.626805067062378,-1.596778392791748
0.8376997113227844,-1.338642954826355,1.5891380310058594,-1.8763306140899658,-1.7044041156768799
-1.328425407409668,1.465924859046936,0.28333595395088196,-1.8737245798110962,-2.324535846710205
1.0478291511535645,-1.3593738079071045,-2.215322256088257,-1.9714055061340332,-1.9114031791687012
-0.8111532926559448,-2.222393274307251,-1.7121202945709229,-1.177498459815979,-1.3980149030685425
-1.0663061141967773,0.7993571162223816,-1.8535478115081787,-1.8823611736297607,-1.4242104291915894
3.101327896118164,-1.7691855430603027,3.210409641265869,-1.6180310249328613,-1.6110951900482178
-2.4770517349243164,0.8524363040924072,-2.7919859886169434,-1.6603062152862549,-1.4563772678375244
2.7744901180267334,0.272942453622818,2.1310200691223145,-1.6211743354797363,-1.7488460540771484
