x,y_true,y_sampled
4.08199,2.5961237,-6.1415577
3.0619173,-9.678508,-9.6647835
4.2588367,-6.8510294,-5.521048
2.8319025,-1.0084405,-0.09008217
3.0913298,-0.8125101,-9.823244
3.526927,-1.4139997,-0.6744735
4.0941916,-6.7435684,-6.11185
2.791102,-9.998147,-0.240695
2.7038245,-0.3215735,-10.367777
4.00959,-5.397752,-7.0090904
4.820589,-0.15888399,-0.6073201
3.6438498,-10.441669,-8.774523
3.838994,-0.31774065,-8.641394
3.217441,-0.5957953,-8.4467945
4.912527,0.2839911,0.8780203
4.399378,-1.5454676,-5.6021824
3.455838,-11.417724,-9.008637
4.9271965,2.4645212,2.4216201
4.218805,-6.1849146,0.564471
3.9651937,-0.006843402,-0.31408548
3.9077113,-7.7463775,-0.6483439
4.267122,-4.6816773,1.1990182
2.6220512,-1.6991854,-10.50889
3.9989345,0.56118745,0.06256628
4.7821827,0.6824496,-0.37589788
5.852096,9.692994,8.696129
3.6047623,0.33788297,-8.6827135
2.190288,-5.765492,-5.9882584
3.0187414,0.7050397,0.57434034
5.3471813,-1.9527255,5.796747
2.6005478,-7.168931,0.13252878
2.3672552,-6.0385447,-1.3152176
4.747683,-2.9533584,0.28471637
4.0803785,-0.40591875,-5.584328
5.337518,1.1806732,0.9092541
3.103276,-0.83473897,-0.17293704
3.1467013,0.2831456,0.6260874
4.1671143,-0.90387845,-4.555791
4.42358,0.42067486,0.9846735
5.609724,1.5118116,0.8121705
4.979239,-1.289558,0.9071684
0.43793416,9.109028,0.28518176
5.655313,-0.23417215,7.9108114
3.9365172,-5.4488397,-7.4670277
5.2856703,0.08643926,0.23111653
1.7845356,-0.36672604,-2.4209092
0.5493121,-0.83456576,0.57855153
3.7230425,0.5066826,-6.012932
2.8671665,-10.639198,1.3973176
3.5750053,-9.056415,-8.725212
2.3274684,-7.931759,-6.382056
2.8560476,-8.767898,-10.792618
4.461529,-2.6130855,0.28783464
5.0704746,2.7200286,3.2502987
2.2953758,-0.35926625,-6.0264215
4.8955364,1.0064033,0.0626837
4.635307,-2.0489833,0.09166467
5.8422165,7.8258877,-0.79191494
3.5951817,-0.4315912,0.5659311
4.288864,-0.24986745,0.385607
3.927918,-7.096167,-8.812215
3.8883462,-4.71659,0.535511
4.090292,-5.855035,-0.3289013
3.3968573,-9.643948,-10.688326
3.6187105,-0.892035,-0.25310767
2.7878532,0.9506998,-10.914198
6.2541685,-1.9910144,10.829324
4.4218025,-2.3698478,-0.7564415
3.4636445,-9.743105,-8.818569
4.103591,0.55656874,-5.5642605
4.128467,-0.5599534,-5.5588984
3.5219994,-8.733349,-1.7764096
5.046552,0.18366791,0.47429895
5.1116667,-1.868362,2.5422184
3.9849112,0.43632933,0.41579103
4.9521055,-0.6542057,0.37644458
3.703624,0.49661008,-10.010059
3.2330904,-10.215081,-10.592992
4.3273673,0.5633255,-4.556697
3.618429,-2.0984886,-10.725191
3.1435485,-9.649114,-0.19676733
3.2643006,1.1962434,0.461509
3.9905846,-6.8994117,1.1205268
5.571555,-0.4220573,7.09877
3.7976837,-0.087187156,-1.3938155
3.1677039,-11.169007,-9.397716
5.384329,1.1315705,6.301694
4.6917872,-0.4075496,0.5202825
3.567692,0.8393682,-8.91599
3.4672232,0.16398184,-0.017134309
3.865388,3.6604633e-06,-6.510394
3.8611164,-9.4331665,-8.300817
5.0016747,2.0410938,3.2701857
5.5482845,-0.5605687,8.121696
5.103414,3.1862779,4.1908665
1.7873919,-0.10378062,0.29726171
4.3805876,-2.3762214,-2.4970758
4.4471855,0.6115024,-2.0084593
5.1598396,-0.60683256,5.497015
5.705031,-1.131463,8.52759
4.0384526,-6.739312,-5.6993833
4.256997,-5.2705774,-5.617421
4.086032,-0.5597626,-4.802518
5.891741,7.918427,1.5452802
3.787846,1.3032407,1.1586785
2.663526,-1.2647473,-0.0034909248
5.367383,6.7649293,6.4506397
5.293103,-0.5038867,6.759885
3.8963792,1.3812282,-5.9737644
2.5067844,-8.111527,-0.411389
2.1427689,0.24852464,-4.131877
4.235872,-0.97932845,0.9431145
5.0813274,2.4287133,3.7995822
3.4123085,-0.2578182,-8.164627
5.1772623,3.0418582,4.529252
3.1724527,-10.748583,-9.81506
3.750004,-8.9879875,0.777498
5.4067965,0.19550565,-1.612361
4.8379188,0.09150553,-0.18106282
3.9573677,-6.631948,-0.47806144
4.362033,1.153534,-0.13349783
4.4244537,-0.47687885,-2.7437522
3.575986,-9.253239,0.68151045
4.3688297,-0.5595731,-1.1563872
4.1147017,-5.6147823,-7.2659464
5.07452,0.23236465,1.7706823
3.0052893,-9.390608,-10.216644
4.4242554,-2.6777523,-1.4832609
4.425766,0.32656485,-4.310886
3.3345566,-1.346616,0.42649865
4.204045,-4.5349183,0.40017843
4.924683,0.49129796,3.1373217
3.2788932,-0.41062906,-8.460876
5.000658,3.910349,3.1022656
2.9208498,-11.209087,-9.465249
5.980731,0.2883232,11.622925
4.911747,0.063075654,0.1668415
2.7978916,1.0863807,0.9384792
3.2491522,-9.177953,0.36473298
3.7445612,-0.40292177,1.045855
4.399095,-3.5593371,-1.7119081
4.257848,-2.2303066,0.004119754
3.321763,-9.564421,0.7607074
4.6544304,-0.80099607,0.917923
3.0759385,-10.390347,0.35407782
3.7714639,0.14528765,0.8706889
4.874743,1.5836577,1.7119224
3.6299782,0.17508738,-0.67793846
3.879365,1.096867,-7.2115955
3.5490015,-9.125463,-2.1138003
4.0275307,-0.6465203,-0.090857744
4.8959827,-0.990338,0.52626014
3.9486465,0.14322692,-6.5681763
2.498518,-8.068815,-9.412359
3.609534,0.22514503,0.15525746
4.7066193,0.14062145,1.8149781
4.6996975,-1.4756058,-0.47637725
3.1001654,-0.7478418,1.1352267
2.676307,-1.3963534,-7.052697
2.1419382,-7.3349414,0.7021928
2.4602518,-7.812346,-6.922636
3.1043944,1.474868,-10.8513155
2.723272,0.5572014,-10.242551
4.1369157,0.0058221873,-4.533346
3.3966699,-0.50011456,-0.17316103
4.673096,0.28672957,0.6677942
3.017459,0.06797745,0.37539625
3.3016822,-10.345548,-0.1233809
3.5710535,-10.509444,0.68235326
3.7804794,-8.623294,-8.998878
3.2036667,0.83232504,-9.732321
4.5519915,-1.1105593,0.25955915
4.8249707,0.5573141,0.24355984
2.7842288,-10.103874,-1.9111868
3.5625672,-9.217515,-9.105977
5.5879917,7.6268244,-0.4281968
6.767667,8.404561,8.505676
3.4130158,-9.619231,0.3207693
3.57755,-9.830476,-8.730175
3.3994906,-8.317218,-9.640392
4.269232,-4.918766,-5.313696
2.7618742,-9.550279,-0.23787522
4.6865835,-0.23875959,-0.08504546
5.453319,-0.7889829,6.151806
4.218212,-1.4121199,-5.3714647
3.4734035,-9.483431,-9.479464
5.313615,6.4202704,4.325593
2.4052148,-7.1570377,-6.120474
2.5793464,-8.6427,1.4235296
4.175101,-4.4465513,-0.5000527
3.8324504,-8.820347,0.0446465
5.76589,-1.9327823,-1.0738577
3.2780972,-9.648239,-0.91892785
3.044694,-11.055465,-9.972552
3.6159015,-9.479191,-8.138379
3.940061,0.24797393,-8.104455
2.3990917,-9.143721,-3.9464827
5.9184694,11.230204,9.414243
5.328521,5.9727354,5.3739576
5.059595,3.519933,0.8485613
3.7242851,-7.8009644,0.595238
3.9709713,-0.1381966,1.1093426
4.3992724,0.14114234,-2.7034059
3.6392505,0.6477384,-9.858113
6.4161854,9.920902,10.751039
4.0655,-6.1167784,0.2745943
5.265741,5.7197886,0.94199586
2.7277741,-8.7881775,-9.246912
3.4446642,-9.284499,-1.4822302
4.380464,-2.556852,-0.15585339
4.014614,-0.094387114,-1.6599507
3.8131104,0.07328506,0.6134336
4.293032,0.63063174,2.0111153
3.7683854,-0.79643834,0.8872714
3.040057,-9.302032,-8.20861
4.632778,-0.6600845,-0.15400934
3.4160066,-0.54395694,-9.75965
3.541232,-1.1602315,0.41651034
4.5807347,-0.19650793,-1.483643
3.823375,-8.241785,0.08897114
5.8295264,9.365426,10.115838
3.9364734,-6.5289774,-6.377055
4.111336,-0.995478,1.8175364
3.6835666,0.053343225,-0.38970995
5.2903495,5.433131,0.86647177
5.58285,-1.1295167,1.2584898
4.181425,0.30649012,-5.0717163
5.141295,-0.6551705,2.3284104
3.7252069,-8.508976,0.45825195
3.7222297,-7.4380364,0.43669057
3.9220705,0.636236,0.6894505
2.9229145,-0.15498091,-9.559928
5.17908,0.08262835,0.035356283
4.2689805,1.8546796,0.53990126
4.3230896,1.1059157,1.4205105
3.716105,-7.1049266,0.4484086
1.9931648,0.20638877,-0.15369284
4.321244,0.8120773,-4.6180573
4.4208865,-1.9105232,-3.1643379
4.0050325,-5.501359,-7.3464184
3.4834943,1.618846,-8.303628
3.0529995,-1.9740493,-9.891381
5.1436605,4.059076,0.990366
6.4721565,1.4153104,5.7904854
5.6646924,7.6420417,8.8840275
2.1482716,1.4655447,-0.5806792
3.4439788,-0.36538088,-8.803402
4.2541327,-5.1213255,-4.175479
4.85596,-0.59003603,1.16453
5.3045683,6.6422176,5.278801
5.146251,3.8967726,3.7500374
2.6373088,-1.2194519,-8.538311
3.4548287,-8.288973,-0.926393
3.7349856,-7.273554,-0.77650654
3.8616598,-7.622654,-7.8314066
3.620483,-0.047221612,0.10102296
4.936978,-1.5886526,-0.13870454
5.8211412,-0.7644826,8.249131
3.9292815,-0.082552336,-1.0472635
3.6882086,-7.6192465,-9.268992
4.653535,-1.0770264,0.6491754
2.343066,0.97868645,1.4727883
3.836147,-7.7140026,1.4604571
5.214391,2.8977025,-0.36361718
4.734304,-1.402025,-0.35769773
5.2015553,5.8369613,5.378875
2.4498649,-7.898895,-8.419391
3.8155198,0.3932858,-1.0177078
5.0573454,0.846637,3.509662
4.857,0.056366086,-0.4433118
3.6592953,0.07415966,-8.062061
3.483346,-1.0497162,0.49791956
3.1378305,-10.67081,0.8200259
3.8890975,0.34872594,-0.21884108
4.0650144,-8.207702,-7.1385593
4.4783883,-0.07320311,-1.6864426
5.4175158,-1.1571128,0.7268021
4.4836793,-0.5645757,-1.5111296
3.7942154,-0.42816144,-9.010272
4.4140863,-0.90337205,0.9674628
4.48022,-0.63332546,-2.472928
4.5545444,-0.37288243,-1.6453403
5.411854,-0.2034427,6.696925
4.2266,-1.9782501,0.43515992
5.575289,-1.8507303,8.545845
4.108427,0.438238,-6.4911776
2.8084836,-0.08470803,-7.70862
2.8334332,0.19313507,0.001829505
4.51063,-1.7129084,-0.32855487
1.6554666,-0.4647136,-1.3322356
4.3083606,0.12685287,0.3040204
5.0326743,0.158534,0.9847281
3.203794,-10.093121,-10.600412
4.425829,-1.2859279,-3.5025826
3.347147,1.6328485,0.7159586
3.3712623,-10.522062,-10.139944
3.8163216,-1.9250554,-8.534143
3.5055985,-8.166337,0.059316397
3.8230057,-0.60257083,-0.9819232
4.6049356,0.0045562983,0.30970573
3.2323356,-1.4969559,-0.6609833
2.966139,-9.153256,-10.756559
3.9784143,-0.24897723,-7.8964605
4.3973355,-1.1146272,-1.4065895
4.441908,-2.4378881,-1.1946558
3.9243376,-7.245762,1.113924
2.3838263,0.3052154,-5.295884
4.2491913,-4.180412,0.30612755
4.140189,-6.0638256,0.3328228
3.4027195,-10.472549,-10.350739
3.1356606,-10.817725,0.5295248
3.7029302,-9.220518,1.3624878
6.231619,9.531663,11.113646
4.929284,2.9973304,0.28308582
4.6989264,2.1167347,0.7433541
4.769906,1.2929382,0.6839044
5.4108953,7.009222,6.061036
3.7683532,-0.51941204,2.2476132
5.0992007,5.107068,2.723798
3.4479663,-8.353214,-0.54896414
4.516589,0.25844547,-1.7214096
3.4248133,-10.029939,-9.269864
4.5202856,-2.206752,0.36516857
1.9790847,-1.3893644,-4.9218884
4.0310774,1.5607826,-0.7508372
4.37517,-2.9679797,-4.9497523
5.8691387,-0.90965617,8.0985985
4.0304275,-0.4340714,-5.951954
3.4712825,-0.41443443,-1.5734572
2.9476206,-10.79852,-0.15070772
4.997854,4.7469068,2.51136
4.9604335,3.862483,1.6132038
5.506277,-1.9660786,1.0681884
3.4450512,0.21769845,-0.9621106
2.7845683,-9.923796,-0.5817095
5.190305,-0.73483324,1.2236893
5.8745084,7.1062794,0.9336362
5.034696,1.6895194,0.91905594
5.1819124,4.2184796,2.3465946
1.1909602,-0.47072694,1.5526125
4.147085,1.3849804,0.78645873
2.9317155,-11.53983,-10.507016
3.0484812,0.29004928,-10.059214
3.8180287,-1.3666149,-9.374146
6.297807,-0.83726907,8.84463
3.3595762,-9.17007,-9.567576
3.6415107,-8.842074,-0.16018772
2.7512467,-8.385137,-0.011558056
4.258656,-4.0880027,0.47625804
3.8163745,-0.57034,-7.205003
3.769109,0.40313387,-9.807245
2.849473,-10.767221,0.34049082
4.1873417,-0.35386416,-5.2369285
4.6718717,0.64477473,0.19447017
3.8261874,-5.4179916,-7.1481647
5.191445,6.052109,5.189122
3.3381262,1.2674129,-0.7150934
4.7861724,0.24452457,-0.02015245
4.41214,-3.0241635,-3.3056498
4.308929,-3.725665,0.01447916
5.2933292,3.6363354,-0.31702065
3.5571277,-9.557693,-9.8829
4.8481326,1.2789166,0.3309815
4.936443,2.5251904,0.948318
4.731007,-1.2648337,0.3046198
3.3065596,-9.432185,-0.21534693
3.4415522,0.063512795,-10.670496
4.483418,0.114417754,-0.26535106
3.6658752,-8.524973,-0.24104035
3.2196207,0.2724223,0.200135
3.359109,-1.5752244,-11.419666
4.661942,-1.3705907,1.3040535
3.5711913,-0.89484763,-1.3789649
2.842898,-8.975946,-8.766669
4.2911596,-3.6297154,0.0987041
4.0868883,1.996364,-5.284092
4.624671,-2.6457415,-1.9390546
4.6710315,-0.2847175,-0.5805671
2.9086661,-10.558452,-9.374632
2.2110584,-6.2440166,0.2685988
4.1821547,-4.204389,-5.218173
3.1198487,-0.33280978,-9.471887
4.3923593,-3.267139,-0.019301295
2.7167406,-11.09669,0.6230862
4.634142,0.2553693,1.1730342
5.4495945,6.6526933,6.6976767
5.2246027,0.56272787,5.977746
5.2511134,5.1937456,1.1479578
2.8617084,0.45964253,0.66429424
4.228367,-4.552398,1.0969629
4.4377694,-1.0909566,-1.828211
4.3265805,0.70477575,-3.8156548
3.7098598,-1.3324777,-0.3393339
3.9400094,1.4939005,-7.0380507
4.5863495,-0.15632503,0.43492866
3.6370935,-8.289675,-9.428801
4.547883,-0.82379013,-1.2887316
4.321053,-5.015187,-0.25781298
4.6854644,0.34598097,-1.1516764
3.570643,-0.48375285,0.3118198
4.539919,0.51705813,-1.7914056
4.4122963,-1.6031032,-0.24154663
4.402678,-2.4615319,-2.1470315
5.705987,8.839464,8.77647
4.113709,-5.9992423,-3.9994798
2.8745193,-0.33850044,-0.16449714
2.391344,1.1447688,0.7038667
4.864399,1.7396028,0.27370572
4.655506,0.09687488,1.3958225
2.7397532,-9.818889,-10.2338295
2.991176,0.3567193,-10.822209
2.9770532,0.58302945,-9.147519
2.287449,0.75856316,-7.178466
4.2574697,0.75263083,0.57949233
4.261847,0.3176792,0.35730982
4.0139737,-0.97384787,0.70365095
2.8703396,-8.317599,0.3941183
3.0612977,-0.4311262,-10.6675205
2.4133441,-5.511173,-7.058239
5.364548,4.9603558,-1.9052045
4.046559,-6.0084867,-0.16309488
3.6073804,-0.52545553,-9.398335
4.8176956,1.193371,-0.014993787
5.8552623,9.70536,1.0114086
4.8621783,2.5120888,-0.74999845
5.8830576,1.3877608,8.01628
3.4344866,-8.076046,-8.382371
3.2680478,-10.486464,1.4439282
5.432128,5.0507555,0.12191987
2.993888,1.33023,-8.980849
2.7894163,-9.820142,1.7981603
2.8607929,-8.445913,-0.44340098
3.4067802,-1.2752306,-1.3457208
3.9218369,-6.7048755,1.3954039
5.4424562,1.4428929,-0.12877607
5.004408,3.635096,3.7638457
0.91285396,-0.040753208,1.8393521
3.9964137,1.046812,0.8940363
1.9255481,-0.5893718,-2.9243937
3.7660592,-9.245468,-1.6398458
4.7921515,-0.7036486,-0.08386493
4.4012794,-1.1514584,-1.5134606
4.6333203,1.4282817,-0.6609793
3.9924123,-7.914172,-5.889452
4.45889,0.07408116,-1.6659507
3.2724607,-11.359381,-0.22945106
4.576562,0.6919332,-2.854059
2.3035512,-0.28400308,0.29987454
3.4179168,0.8689289,-9.001279
2.6805725,1.2688752,-9.039125
3.5796213,0.51585525,0.8280792
4.8533444,0.19376165,-0.3902495
3.3328516,-10.380591,-0.42574382
3.4486656,0.7344242,0.8631666
5.7914033,0.9593589,8.843039
3.5439057,1.5117555,0.5911515
4.9373045,-0.30409312,1.9097254
3.4871354,1.4636477,-0.68713176
3.2673695,-11.5507,-10.990975
4.8137293,0.8326936,-1.1367123
4.7599196,-1.6497931,1.221298
1.4566262,0.8763584,-0.63910806
2.9705448,-10.014923,-11.075957
3.8218424,-6.0334206,-8.199211
5.5701485,0.67830354,0.2972443
4.120763,-5.960101,-4.473037
3.16861,0.54981893,0.13639951
5.0687675,5.1417136,3.2951868
4.3402843,-1.169903,0.95756984
5.0977116,0.75511014,0.32436872
4.708645,0.07321119,0.09507573
3.0943227,-1.2376308,-9.203449
3.5893557,-7.867076,-1.7290696
4.41743,-3.570239,-0.74305856
4.887296,0.22988284,0.15602231
3.7649055,-1.4452482,-7.617257
4.72925,0.87485415,-0.2522297
3.6465175,-0.27714196,-0.22468007
3.1705148,-10.49455,0.81111884
4.58839,-0.9091943,-2.239624
2.8820772,-1.7857224,-7.788783
5.1157517,-0.538794,2.93658
2.671546,-9.534279,0.15642452
4.3751326,-2.9020658,-4.8464003
3.2820954,1.8184091,-0.46778464
3.4377337,-8.939884,0.96853113
2.432476,2.3349054,-0.09832668
2.04275,-2.7583332,-3.1313882
3.2020552,-9.074788,0.40748715
2.531824,0.44668052,-9.193756
3.691532,1.4776258,-7.750433
4.485912,-2.6081793,-3.4252229
4.4809613,-0.17399469,-1.7744162
3.589182,-10.304996,-0.5902078
4.365359,-3.1222925,-4.4045696
4.1976767,1.4069103,-0.8611028
4.468518,-0.38155174,-2.9089494
3.4519486,-10.01528,-1.5076468
3.7242427,-7.9782634,-0.31327605
5.653642,0.080778204,9.386753
4.631371,-0.20795356,-0.10037577
4.5530677,-0.42987323,-0.17128551
4.500502,1.0572184,-1.5954266
3.656481,1.3796436,-9.151366
5.8877497,0.9298768,8.871334
3.5508733,-0.32950866,-10.117412
2.998109,-9.036788,-0.3232739
5.5390873,6.9278817,1.7414691
3.5644517,-10.03983,-9.141408
4.0347137,-0.8401477,2.499634
4.7667503,-0.10371273,1.1533399
4.850834,1.3479625,-0.77672625
4.6689425,-0.25517017,0.20697331
3.2824025,-10.482854,-10.505628
3.9078693,-8.007972,-0.19490588
3.9133577,0.1021583,0.6408367
4.1570177,-6.028997,-6.1119003
3.3289752,-10.137184,0.8612001
3.1180127,0.091892436,-10.395254
4.7057986,0.13085237,-1.8221388
4.363143,0.65344435,-0.0029616356
3.4862072,0.985032,-8.115778
3.684103,-7.2718105,-9.696174
3.280487,-8.756408,-9.487847
4.433944,-1.0857111,-0.7873179
4.3312907,-4.9695206,-4.3864117
3.6792078,-8.2751465,-8.95823
5.202112,5.76035,3.229016
2.9894872,1.3246044,-0.0045763254
2.7041118,-9.807197,-8.063693
3.744142,-7.701142,1.2062745
3.3500705,-9.168049,-0.7206961
5.4880724,5.985304,7.3511333
2.6505737,1.3057126,-1.4151559
3.7696187,-9.102703,-7.0539894
3.8622553,0.066882804,-7.707053
3.7238724,1.2555887,-7.9824305
4.760353,0.27125445,1.7979717
4.235149,-5.623789,-0.33082914
3.8721194,-1.9830495,-7.851695
3.76022,0.5698656,-10.163474
2.1031017,0.42499486,0.015118718
5.176212,-1.4265921,0.05122316
4.8130145,0.74642503,2.5110118
4.4802055,-0.7360058,0.66773057
3.1450536,-11.866013,-10.298344
5.220195,4.628212,5.2089634
5.1220655,3.760039,3.6058972
4.8132825,0.68019986,-1.0403721
3.7888596,-7.161814,-1.3404424
3.0579252,0.54816306,0.02552259
1.8466117,0.39313927,-1.6541972
3.3707564,-8.933755,-10.357522
5.7332034,-0.3638215,7.761161
4.3247614,-3.3683772,-0.69585073
4.8228436,1.939309,0.9569855
5.4269176,-0.735148,7.16549
2.3318694,-6.487578,-7.113718
3.7160788,-1.1887189,0.30063057
3.892631,-6.7628827,0.17590737
1.1112635,5.505496,3.6849086
5.1059113,0.0957068,3.588154
4.4925385,-0.7008799,-2.512486
3.1025362,-10.645541,-9.936798
3.7592845,-8.226284,-8.009375
4.157593,0.075974986,0.10312867
4.316666,-5.3707323,0.6567817
3.018662,-0.86204517,1.8271015
2.9627867,-10.038097,-10.155957
3.4993825,-1.3972092,0.4217224
3.6145024,-0.5423746,-10.597343
4.344417,-2.1974442,-1.2146938
3.8261797,-6.779692,1.2088726
3.0946748,-9.041396,-0.7915491
4.4834704,-0.2459615,-1.9269301
3.3071954,-0.76696235,-0.8594556
4.7656536,1.374807,0.6872575
3.8792589,-6.684678,1.3390954
5.498899,-0.021315297,7.590892
0.9296651,-0.37223193,1.7745466
3.981888,-0.038907766,-6.717901
4.0743623,-6.213338,-4.078504
5.2591743,-1.3260682,4.965475
3.7495239,-9.071511,-9.444224
2.7606592,-10.626046,-9.550696
2.5831137,1.921798,-8.181725
4.453713,3.6321714,-2.618706
5.3364973,8.018196,0.5601897
4.284247,0.8227805,-3.7264395
4.154278,0.23973452,-0.8370459
3.2403998,-10.589838,-11.654997
5.30876,-0.8551328,0.62965155
5.4030833,-1.1805277,1.0274847
2.9536839,-8.968065,0.71599174
4.8295302,-1.7136099,0.7187066
4.212801,-0.48889053,-5.225971
2.700524,-9.58598,-0.90541655
3.7696035,-7.3779755,-0.77707744
2.5418122,-7.1831007,-7.397588
2.5018573,0.5407306,-0.2856506
3.4192877,-11.353833,1.6948812
5.4094076,0.33211046,0.76875234
3.864161,0.6058402,-0.73669314
3.4774928,-1.5242293,-1.2109066
5.4240913,5.282509,-1.6364697
4.502263,-2.9811366,-2.1068554
4.039603,0.056866504,-7.2941895
3.2941346,0.121106006,0.077668905
4.1961584,1.7784078,-4.1029906
4.6415606,-1.8389552,-2.1770241
2.7761273,0.25903347,-10.524229
4.5234694,-4.3023834,0.7302015
3.9274573,-2.5243275,-8.380644
3.1177979,0.64397043,-1.362377
3.7700791,0.32858709,-9.559038
2.0550778,-1.575085,-0.11231327
2.2584715,-0.09383156,-5.449856
2.1825838,-2.3294535,-0.4840325
3.170409,-1.1637667,0.18759751
2.4222703,-9.333565,1.5000565
3.985575,-5.8707566,-7.787855
4.50546,0.10202734,-0.88191366
3.94725,-8.313482,0.86207056
4.0906,0.12620133,-0.32135928
5.1453714,4.0231028,0.90928364
2.7756796,-0.6015439,0.11052108
5.1696024,-0.5703899,2.89209
3.8046265,-0.80562544,-9.551843
3.6169808,-9.0903425,-0.2910112
3.6809762,-7.9375534,-9.795113
2.7074728,-7.8979597,0.55467725
4.075209,-4.866048,-6.5404043
4.0296206,-6.1668835,-7.028
2.7675476,-9.16198,-0.80566716
2.669983,-1.4260997,-9.41033
4.3012996,-3.0629735,-3.659268
4.224898,-4.6977925,-3.400116
3.3487744,-9.253542,-9.717683
3.9829319,-8.906843,-6.8142023
5.194059,1.4467541,4.788357
3.1107306,-10.314698,-10.673277
4.105391,-0.52033246,-5.597743
4.7811065,0.6118595,-0.2700448
4.7162137,1.0433081,0.5671222
2.9873013,-10.407511,-10.257567
3.9402206,-8.13512,-6.1836596
3.5004663,-9.981415,-1.3346117
3.6893582,2.158835,-1.1587517
5.373766,-0.23521958,5.6936636
3.7351968,-0.7797956,0.34656143
3.9531386,-5.310823,-1.2867382
4.3173375,-3.7067354,-4.155013
4.319415,1.5134147,1.4620681
4.1924767,-1.5515019,0.9780054
4.0280237,-6.563308,-6.394867
3.1914937,-10.537483,-0.6085868
4.412034,-0.4662617,-1.6856965
4.732218,0.80273664,-0.00028836727
4.0855656,-5.2761526,1.3568413
4.5216303,-1.0144043,-1.4400278
4.146103,-5.4653797,1.224406
4.0776696,-6.324255,-1.8147337
3.5065901,-8.630273,-0.7443887
4.2511525,-0.51879966,0.55099034
3.6472235,1.2159488,-10.3087225
4.100966,0.14015764,0.67808676
4.944809,3.431954,3.6415193
3.9801252,-5.122673,-0.030371547
2.819074,-8.808631,0.76535153
3.7117639,0.29447356,-9.98859
5.2362347,-0.63162595,4.5441456
5.054103,-0.28917664,2.5219185
3.9111302,-7.50553,-7.3668785
3.335782,-1.3709986,-0.44018316
1.7368371,-0.18761599,-3.1614637
2.450418,0.24781553,-8.28815
5.450765,7.4212847,7.0442276
4.2912216,-3.9816241,-4.92313
3.7522829,-1.2307543,-10.001824
3.8201632,-7.95881,0.598305
2.1212018,-0.17166829,-6.54226
3.635852,-0.36135668,-8.173853
5.8712616,10.341447,9.1785755
4.302095,0.46554413,0.8700988
4.4911156,-1.1177777,-1.1651344
3.0790572,-8.23355,-0.5852964
3.3246784,-9.61988,-1.052845
4.748239,-0.4720529,0.5029452
2.3322358,-7.64406,-7.3197527
4.6429653,0.17872636,-0.3934654
5.0134926,0.66650033,0.12196946
5.166775,1.0304776,6.1813536
4.3375006,-4.052139,-0.26715565
6.0610504,0.2941434,11.341738
2.984739,-10.338802,-0.95471865
2.0960362,-4.9860644,-5.3139763
4.8253984,-1.0339369,0.74182296
3.0516772,-9.993178,-0.7295184
3.7633357,-8.217671,-7.339281
4.6876116,-1.4064293,-1.8358417
4.6437697,-1.3453327,-1.5209745
4.8922987,3.4151473,0.7994964
3.5866637,-2.1359334,0.6725502
3.6070123,-9.513353,-9.87117
7.120339,0.39607927,6.096779
5.876116,10.810865,8.946292
2.1589327,-1.3581868,-2.0303736
5.5423703,6.455088,7.847843
3.7864578,-7.385144,-0.8273188
3.2545073,1.5459604,-1.0165844
5.3457437,5.2161016,1.9466
5.312374,4.5413933,6.9030952
3.65858,0.3209774,-10.219036
4.994278,0.28349277,-0.78733814
5.046591,1.2370796,2.361592
3.5900037,-0.06191295,-8.705492
4.936453,-0.4739016,0.038206458
2.23388,-0.5843239,0.20466208
2.190723,0.30399972,-0.060606837
4.854009,0.9691105,1.7972007
4.665953,-2.088298,-0.5297085
4.0063705,-0.45640573,-4.886561
3.9045537,-1.3771523,0.60117006
3.265844,-11.612601,-0.13940513
5.231458,4.8449063,0.46799898
3.0614676,-10.490988,-8.62312
5.0990176,0.3780776,-0.64472234
5.3835607,5.648284,-0.034549236
4.220742,1.8143404,-1.1608803
5.4538517,-0.017775774,6.873044
4.328398,-4.783245,0.26010346
5.3896017,-0.75948095,-0.9173886
4.035059,-0.6620821,-5.0768824
4.76718,-0.29058146,2.1142132
2.7091298,0.4157556,-1.7836411
5.789434,8.349238,8.221061
4.8646383,1.5212039,0.48449755
5.7703037,7.3695674,8.8426695
3.5753732,-10.540228,-8.97462
3.3383067,0.05918621,-0.40996742
3.1307664,-9.026749,-10.74715
3.475351,0.63496226,-0.21723628
5.380787,2.4911728,5.9594555
3.774025,-9.830872,-9.903154
3.614356,-8.8004055,-9.08251
4.6393995,0.4912257,0.30654287
4.9444165,3.5053482,-0.5733665
4.943002,1.4938254,-1.0369312
3.375229,0.5365715,-0.94652575
6.140416,9.977743,8.720083
4.8201323,0.48906326,0.08050907
3.8879337,-7.6749806,-6.5429497
5.539056,6.515079,0.7057841
2.1163166,-2.7569935,-2.9505706
4.920341,3.5347881,-0.8995029
4.6302285,-1.3565916,-1.9417152
4.5525293,0.5237217,1.496207
5.5022235,0.60355055,7.111907
6.2990274,0.42990947,9.091266
2.6674345,-0.27980995,-10.806516
3.5167506,-7.9527516,0.22681022
5.204281,0.2687001,4.0411663
4.236034,-2.344073,-1.6710358
5.1507273,4.0690756,0.22408438
4.664293,-2.3561382,0.50214005
3.8336473,-1.3398613,-6.8285
3.5640635,-10.7137165,-10.322607
3.5888364,-7.6227727,-8.978301
4.0684347,-6.8377533,-6.8945847
3.5558598,-11.269974,0.094097495
4.401091,-0.29117844,-2.7076406
3.8577497,-7.3534837,-1.3773122
3.8533094,-7.1331143,-8.237977
4.8804874,1.285298,1.6080325
3.3463874,-10.152422,-9.900483
3.9537835,1.3502954,-7.1070814
4.1696215,-6.087961,-5.1582327
3.5874825,0.13180873,-0.8525137
3.858603,-6.906379,-7.024519
4.4796853,-2.3942175,-1.4074521
3.2390087,-8.182186,-9.485621
4.020139,-0.5831426,-6.64557
3.9940603,0.22238569,-7.582409
3.5554364,1.2152851,-0.63652956
3.3470058,-9.889185,-0.5747864
4.6008325,-0.93243784,-0.9543458
3.476584,-9.074824,-0.021028519
4.8499537,1.1470338,-0.7972939
1.9111001,-1.8222053,-0.39031672
2.291218,-8.077755,-0.28557384
4.5439935,-1.3841314,-1.7055649
5.012777,0.95229983,3.236232
4.5591946,0.8651865,-1.4582995
3.0000958,0.5223536,1.9474041
4.191352,-1.4223312,1.2784317
2.0707536,-5.297626,-2.9894261
3.304735,-10.865575,0.71932554
4.6223907,-1.3690081,-0.1255703
3.17415,0.31363544,-1.3890097
4.8725734,1.1212312,0.7151618
3.7702367,-7.6399555,-7.1458673
3.8102455,-8.34343,-0.53211284
3.915645,-6.272667,-6.9252386
4.4479537,-2.0034466,-1.8465374
3.9840631,0.09149423,-5.5681896
5.0396633,4.252326,-1.2296548
5.9826965,0.4702194,9.297296
5.218857,-0.17035447,5.949793
2.7255735,0.31339127,-7.93474
5.5555325,6.6220255,0.4752009
4.1306863,-0.25497139,-0.33440006
3.2431622,-0.90760773,-0.8643186
4.9198008,1.0722681,-0.14554393
3.7416801,-1.0765895,1.3257418
3.3991942,-8.670102,0.029699206
2.5299394,-9.603253,-8.616667
3.0374143,-0.74144185,-10.733256
3.728449,-0.57866114,-8.851573
4.1723895,-5.027993,-0.021568418
4.0001607,1.0340096,-7.039626
3.5947242,-11.147919,-10.264553
5.4298778,-1.0083596,5.867854
3.7224996,0.10861497,1.5713804
4.8660994,2.1539173,-1.1266315
4.1061106,0.44272405,0.15261602
2.946587,-8.054449,-0.56424356
4.4530478,-0.15636466,1.4458425
3.0628147,-9.911406,-10.235595
3.4292886,-9.998421,0.35563183
5.4708347,6.9078746,6.5896387
2.5384774,0.2091322,-8.287472
1.7109046,0.32212466,-2.7141628
5.28704,0.063157395,-1.1006229
3.6818018,-8.588288,-0.80321383
3.4310176,-11.087988,0.24931812
2.3280902,0.37420395,-6.1473923
4.67248,1.0350853,0.65879726
3.5301468,-9.589492,0.848588
3.036137,-8.407574,0.33980036
3.4728308,-8.215794,-10.8253975
2.8095386,-9.742046,-8.352243
3.8398497,-7.011139,-0.9503791
3.5108418,-10.970366,-1.0201957
5.074566,-0.3646319,3.0924695
3.4727569,-0.2932641,-0.108279705
3.8606603,-0.16171432,0.14049482
3.6851199,-9.557144,-0.62247777
3.7987058,-0.8507331,-8.259544
4.1014514,-0.937547,-0.41750562
4.297861,-2.327682,-6.0792
5.014496,3.4190264,2.2285478
2.5107198,-1.8732711,-8.980662
4.1786103,-4.8719916,-1.4218503
5.5227847,-0.9957987,7.23934
3.670545,-8.5829525,-8.079881
4.1237173,0.30882448,-3.731762
2.998139,-11.650409,-0.9025779
3.634481,-8.977539,0.13396621
1.5773919,0.6817832,0.4886527
1.6186416,0.27961493,-1.4510732
2.2707398,-0.17285746,-6.231594
5.786402,0.3262488,0.83051443
3.239153,-10.845951,-8.42094
4.7910433,0.25595543,0.7930691
5.322787,-1.3411756,0.8518441
3.0946932,-1.3065032,0.21347094
3.8914266,-1.267055,-9.129825
3.8375742,-7.277815,-6.887327
4.467554,-2.6372144,0.07391715
1.4484076,1.1155869,-0.96511096
3.6965077,-1.3914555,-10.574947
3.5306964,-1.1932904,-0.17795706
2.2130828,0.11262922,-5.7957535
2.856638,-10.163643,-8.888056
2.7893772,-9.752489,-1.6807337
3.1001978,-1.4194121,-10.259608
5.136545,3.1282938,2.8967736
3.951978,-0.09659733,-7.2994385
3.2052457,-10.8552065,-9.085832
4.3095455,-6.1142807,-3.96432
5.0882645,3.518692,3.3324263
4.2481503,-4.383939,0.29411697
2.5582142,-8.235091,-8.509728
3.573929,-0.5877576,-8.713719
6.348483,-0.54310274,10.430806
5.6233997,0.26920447,7.5798073
6.0824437,0.85964614,9.04924
3.1895432,1.2985514,-0.46931207
2.966462,-8.927009,-9.822792
2.7500918,-8.379799,-8.237415
4.9459066,2.7499855,0.6229136
4.337358,-0.32384592,-2.9772635
5.163297,0.49671113,0.44518423
3.190616,1.7590632,-0.64897084
4.0646014,-4.892843,-6.3335924
2.824367,-0.15855022,-10.685091
2.7928882,-9.967754,0.110575676
2.5682921,-7.8683624,-0.8675412
3.3933105,-10.056734,-8.732118
3.046736,-9.157845,-0.4887488
3.633896,-9.83602,2.124551
4.6116853,-0.61286813,0.6041112
3.811761,-0.4547648,-10.237194
4.525781,-2.188475,0.21100473
3.4491634,0.107008204,-0.99385536
3.8885114,-6.262711,0.4763024
5.264702,4.8240743,-0.39585006
4.907567,0.6955884,1.7306211
3.0155096,0.9820959,-0.4039954
5.021177,0.40833974,3.1651418
5.4568176,2.0130758,6.3992567
4.6318693,0.24809074,-2.170412
4.50784,-1.1131723,0.83823633
3.5703382,2.2329288,-1.2555969
4.7445617,0.29515377,-0.15632904
4.757291,0.6805645,-0.81318855
4.883916,-0.7445174,0.9272213
4.5827417,-1.5010244,-0.6000987
2.8577156,0.92939943,-10.452311
5.5432496,1.2077765,-0.2274276
2.708597,-9.998005,-10.818305
2.6397269,0.89496785,-9.639473
3.6111934,-0.27205095,-1.3553865
3.6246803,-0.8362064,-9.223094
4.8496375,0.5590072,0.119861364
3.4884615,-9.8236885,-10.346318
3.531189,-0.58362645,-0.5336287
3.8883693,-7.2473803,-6.8960276
3.5263922,-8.359405,-8.36746
4.1343174,-3.5976548,-0.7363354
4.251416,-4.4304495,-0.0077933073
4.1413794,-1.9462429,-4.3860044
3.8215718,2.135701,0.3650732
3.2512453,-9.609621,-0.008418322
4.5306363,-3.3357341,-1.7760975
4.253033,-0.87064683,-0.75591135
2.3153872,-6.686174,0.7530832
3.0863469,0.9868452,-0.73539495
4.608121,0.9271045,-1.8141932
4.67488,-0.32110873,0.13072538
4.521585,-1.5922892,0.61207795
3.5323408,-10.417819,0.9308708
3.3900628,-0.060215212,1.9858458
4.302868,-3.6830661,-3.8459625
4.5915923,-1.7254264,0.0203892
3.2508106,-10.504086,-10.736086
4.2283173,-0.46209103,-5.539281
2.8340926,-11.250732,0.56206155
3.8269103,-0.15645358,-0.5437372
4.5081306,-0.094636835,-1.6646705
4.1742105,1.3478559,0.37025166
4.414721,-4.006153,0.12538052
3.5601425,-0.548573,-0.03703475
3.3811893,-8.676578,-11.584811
5.1742268,2.954525,-0.33554888
4.2577486,-4.099506,-3.7908974
3.14052,1.5937251,-10.038548
4.9846954,1.5126404,1.0970526
5.4871407,0.3982592,-1.517729
3.2602742,-0.8612127,1.0278943
5.132418,4.3897376,-1.104162
4.231594,0.009194093,-0.9904387
2.8230667,-0.70694757,1.8856235
4.734189,-0.75566846,-0.9177841
2.870011,-0.37380388,-0.86982524
4.9172325,1.8646352,0.060090065
5.230309,4.1495585,3.9154103
3.655928,-0.8674264,0.72774196
3.888535,-7.917618,-6.6428146
2.8772423,-0.004929768,0.21996379
4.15211,-6.937286,-1.8841137
3.5040836,-1.4440317,-0.942193
4.6528277,0.36048484,0.23531485
4.344226,-0.9536354,0.3106947
3.2819476,-9.904434,-8.830327
1.5052822,-0.9731735,-1.0334971
4.008,0.37202233,-7.7067137
3.5764227,-10.001893,-8.876005
4.136118,-5.163305,-4.6191235
4.140532,-4.370078,0.20203114
4.4137864,0.508701,-3.2293248
3.6292927,-0.2962869,-9.236759
4.1456137,-3.9638543,0.3343191
4.203503,-4.8334336,-0.71308553
1.5881891,0.05387648,-1.4611534
3.9918973,-0.10332369,-2.0681515
2.7781305,0.35424486,-8.467618
3.1238813,1.1772802,-9.621052
3.6470363,-7.0220995,-0.6982895
5.752449,0.37374604,8.292016
1.5565515,1.2875216,-1.7995436
3.960975,1.8370866,-7.702036
3.8007286,-1.0081425,-1.696133
4.3178415,-1.0031468,-4.9978266
5.5145802,-3.2216265,1.4559834
2.4387631,0.17749622,-1.4290946
5.057185,-0.8075457,3.7928588
3.5181804,-9.602762,-0.12957919
3.820023,-1.4190732,0.3649826
4.196671,-0.09145628,-4.855961
